taxpayer_id,birth_year,region_code,sex
1,1952,04,1
2,1950,01,1
3,1982,02,1
4,1971,03,1
5,1975,04,1
6,1972,04,1
7,1987,03,2
8,1956,04,1
9,1982,01,1
10,1951,01,2
11,1997,02,1
12,1975,01,1
13,1954,01,2
14,1974,01,1
15,1997,03,2
16,1996,04,2
17,1994,01,2
18,1983,04,2
19,1975,04,2
20,1931,01,1
21,1977,03,2
22,1977,04,2
23,1975,05,2
24,1992,02,1
25,1983,04,2
26,1962,02,1
27,1969,03,2
28,1981,05,2
29,1963,04,1
30,1933,01,1
31,2004,05,1
32,1984,02,1
33,1965,04,2
34,1962,02,2
35,1980,01,1
36,1956,03,2
37,2002,05,1
38,1980,03,1
39,1960,02,2
40,1961,03,1
41,1957,01,2
42,1951,05,2
43,1962,05,1
44,1961,02,1
45,1971,01,2
46,1941,04,2
47,1998,03,2
48,1978,01,2
49,1957,05,1
50,1999,01,2
51,1998,01,2
52,1954,02,1
53,1971,02,1
54,1972,01,1
55,1963,01,1
56,1964,04,1
57,1977,02,1
58,1998,02,2
59,1963,02,2
60,1985,03,1
61,1950,03,2
62,1960,01,2
63,1988,02,1
64,2005,02,1
65,2002,01,2
66,1968,01,1
67,2006,03,2
68,1989,05,1
69,1973,02,2
70,1967,01,1
71,1977,05,1
72,1994,02,1
73,1968,03,1
74,1973,02,1
75,1975,02,1
76,1966,01,2
77,1972,01,2
78,1969,02,1
79,1973,02,1
80,1944,01,2
81,1990,01,2
82,2006,01,2
83,1983,01,2
84,1987,04,2
85,1994,04,1
86,1956,05,1
87,1969,04,2
88,1976,01,1
89,2000,01,1
90,1959,03,2
91,1970,03,2
92,1972,01,1
93,1967,02,1
94,1945,03,1
95,1985,02,1
96,1985,05,2
97,1978,01,1
98,1979,03,1
99,1981,02,1
100,1984,03,1
101,1954,04,1
102,1959,05,1
103,1952,05,1
104,1975,01,1
105,1978,01,1
106,1995,01,1
107,1978,01,2
108,1998,01,2
109,1952,03,1
110,1968,04,1
111,1990,04,2
112,2001,04,1
113,1968,03,2
114,1978,01,1
115,1961,01,1
116,1972,04,1
117,2005,04,1
118,1977,03,1
119,1978,01,2
120,1963,01,1
121,1941,01,1
122,1996,02,2
123,1947,05,1
124,1951,02,2
125,1976,03,2
126,1965,03,2
127,1989,04,1
128,1963,02,1
129,1980,05,1
130,1959,01,1
131,1985,01,2
132,1974,01,1
133,1975,02,1
134,1973,05,1
135,1975,03,1
136,1951,01,2
137,1978,03,1
138,1973,05,2
139,1972,02,2
140,1989,02,2
141,1970,03,2
142,1970,05,1
143,1981,01,1
144,1985,02,2
145,1985,04,2
146,1958,02,1
147,1969,03,2
148,1958,02,1
149,1971,01,2
150,1959,01,2
151,1981,02,2
152,1974,03,2
153,1988,02,1
154,1959,04,1
155,1983,02,1
156,1989,01,1
157,1998,05,2
158,1991,01,2
159,1961,01,2
160,1977,03,1
161,1986,01,2
162,1970,01,2
163,1973,05,1
164,1981,04,2
165,1957,04,2
166,1988,02,2
167,1968,05,1
168,1971,01,1
169,1948,05,1
170,1968,01,1
171,1968,03,2
172,1985,05,1
173,1964,01,1
174,1979,04,2
175,1982,02,1
176,2000,04,2
177,1952,03,1
178,1979,02,1
179,1962,01,1
180,1950,03,2
181,1970,02,1
182,1953,02,1
183,1964,02,1
184,1991,04,2
185,1984,01,1
186,1983,03,1
187,1988,05,2
188,1988,01,2
189,1966,01,1
190,1956,04,2
191,1981,04,1
192,1951,05,2
193,1962,04,1
194,1964,01,2
195,1960,01,1
196,1976,04,1
197,2001,01,1
198,1999,01,2
199,1998,01,1
200,1990,01,2
201,1970,01,2
202,1952,05,2
203,1986,01,1
204,1977,01,1
205,1973,01,1
206,1966,01,1
207,1983,01,1
208,1958,02,2
209,2000,03,2
210,1976,03,2
211,1978,02,2
212,1995,04,1
213,1986,03,2
214,1969,05,2
215,1968,02,1
216,1969,01,1
217,1985,04,2
218,1981,01,1
219,1973,05,1
220,2006,01,1
221,1956,01,2
222,1977,01,2
223,1990,01,2
224,1982,01,2
225,1973,02,2
226,1996,04,2
227,1977,01,1
228,1974,03,2
229,1975,04,2
230,1944,02,2
231,1954,03,2
232,1994,04,1
233,2004,02,2
234,1951,03,2
235,1961,04,1
236,1972,05,2
237,1954,02,1
238,1987,01,1
239,1961,05,1
240,1996,01,1
241,1950,05,1
242,1989,04,1
243,1986,02,2
244,1963,05,2
245,1975,03,1
246,1978,02,1
247,1973,01,1
248,1982,04,2
249,1979,02,2
250,1995,04,1
251,1960,03,2
252,1948,02,2
253,2006,01,2
254,1982,01,2
255,1954,01,2
256,1990,01,1
257,1980,02,2
258,1957,01,1
259,1977,01,2
260,1975,01,2
261,1970,04,2
262,2002,03,2
263,1989,01,1
264,1975,05,2
265,1961,02,1
266,2000,02,1
267,1959,04,1
268,1969,03,1
269,1984,05,2
270,1977,01,1
271,1989,03,1
272,1974,05,2
273,1953,04,2
274,1960,01,1
275,1960,01,1
276,2006,01,2
277,2003,05,2
278,1989,02,2
279,1996,03,1
280,1970,03,1
281,1979,03,2
282,1964,01,2
283,1963,01,2
284,1956,01,1
285,1986,01,1
286,1962,03,2
287,1959,01,1
288,1978,05,1
289,1975,03,1
290,1990,04,2
291,1964,05,2
292,1999,01,2
293,1991,02,1
294,1955,04,2
295,1963,05,2
296,2002,02,1
297,1958,03,1
298,1993,02,2
299,1949,02,1
300,1972,02,2
301,1981,03,1
302,1954,05,2
303,1978,04,1
304,1951,02,2
305,1970,05,2
306,2000,01,1
307,1977,02,2
308,1974,05,2
309,1984,02,1
310,1960,01,1
311,1975,05,2
312,1980,01,2
313,1980,01,2
314,2000,04,1
315,1980,01,1
316,1991,02,2
317,1987,01,2
318,1990,04,1
319,1978,05,1
320,1971,04,2
321,1988,05,1
322,2003,02,1
323,2003,01,1
324,1968,05,1
325,1955,02,1
326,1990,03,1
327,1997,05,2
328,1984,01,1
329,1971,01,2
330,1994,01,1
331,1981,05,1
332,1971,04,2
333,1975,05,2
334,1950,03,1
335,1948,01,1
336,1984,03,1
337,1953,04,2
338,1983,04,1
339,1995,04,2
340,1969,01,2
341,1970,01,1
342,1973,05,1
343,1959,05,2
344,1956,03,2
345,1974,01,2
346,1987,02,2
347,1974,03,1
348,1973,04,2
349,1986,04,2
350,1946,02,2
351,1963,01,1
352,2003,01,1
353,1971,04,2
354,1976,04,2
355,1988,05,1
356,1974,02,1
357,1940,03,2
358,1960,02,2
359,1985,01,1
360,1961,01,1
361,2006,04,1
362,1980,01,2
363,1988,02,1
364,1981,03,2
365,1963,04,2
366,1949,01,1
367,1956,04,2
368,1981,05,2
369,1967,01,2
370,1967,05,2
371,1969,03,2
372,1959,05,1
373,1954,03,2
374,1981,04,2
375,1978,02,1
376,1994,01,2
377,1995,03,2
378,1990,04,2
379,1977,02,2
380,1980,01,2
381,1973,02,1
382,1946,01,2
383,1983,02,1
384,1988,01,1
385,1984,02,2
386,1983,04,1
387,1979,01,1
388,1976,02,1
389,1972,05,1
390,1943,02,2
391,1978,02,2
392,1989,02,1
393,1971,01,1
394,2001,02,1
395,1968,01,2
396,1980,02,1
397,1959,01,1
398,1947,03,2
399,1955,01,1
400,1960,02,1
401,1987,02,2
402,1972,01,2
403,1991,03,2
404,1955,01,1
405,1961,05,2
406,1969,05,2
407,1989,02,1
408,1981,02,1
409,1973,01,2
410,1999,03,2
411,1947,03,2
412,1984,02,2
413,1984,02,1
414,1960,01,2
415,1965,03,1
416,1963,02,1
417,1976,05,2
418,2002,04,2
419,1953,02,1
420,1950,02,1
421,1995,01,2
422,1984,04,1
423,1956,02,1
424,1966,01,2
425,1969,01,1
426,1952,04,1
427,1972,01,1
428,1959,02,2
429,1974,01,2
430,1986,03,2
431,1976,04,1
432,1977,03,2
433,1976,03,2
434,1989,01,2
435,1984,05,2
436,1994,05,2
437,1965,02,1
438,2006,05,1
439,1991,02,2
440,1959,01,2
441,1976,01,2
442,1981,05,2
443,1971,01,1
444,1957,05,2
445,2000,05,2
446,1981,03,2
447,1989,04,1
448,1948,02,1
449,1973,01,1
450,1988,03,1
451,1976,02,1
452,1969,04,1
453,1990,04,1
454,1948,03,1
455,1961,01,1
456,2001,01,1
457,1980,03,2
458,1981,01,2
459,1992,04,2
460,1996,03,2
461,1986,01,2
462,1975,05,1
463,1969,01,1
464,1991,01,2
465,1976,01,1
466,1969,03,1
467,1967,04,2
468,1967,01,1
469,1990,05,1
470,1962,01,1
471,1956,05,1
472,1983,02,1
473,1976,03,1
474,1960,03,1
475,1976,02,2
476,1953,02,2
477,1980,01,2
478,1969,05,1
479,1972,05,1
480,1965,05,2
481,1996,03,2
482,1985,04,1
483,1972,01,2
484,1961,04,1
485,1989,04,2
486,1963,03,2
487,1960,03,2
488,1963,01,1
489,1986,03,1
490,2000,01,2
491,1968,05,1
492,1960,03,2
493,2002,01,1
494,1982,01,1
495,1987,03,2
496,1981,03,2
497,1976,05,2
498,1989,04,2
499,1975,03,1
500,1968,04,2
501,1993,05,1
502,1971,03,1
503,1995,01,1
504,1959,03,1
505,1957,01,2
506,1957,01,2
507,1956,03,2
508,1994,02,1
509,1944,03,1
510,1982,04,1
511,2004,04,1
512,1966,05,2
513,1973,04,2
514,1968,03,2
515,1974,05,2
516,1985,04,1
517,1967,02,2
518,1984,05,2
519,1950,05,2
520,1988,03,1
521,1972,04,1
522,1963,01,2
523,1974,02,1
524,1991,02,1
525,1972,05,2
526,1955,01,1
527,1992,05,1
528,1977,01,1
529,2004,02,1
530,1976,05,1
531,1985,03,2
532,2006,05,2
533,1970,01,1
534,1972,04,1
535,1991,01,1
536,1992,04,1
537,2000,01,2
538,1993,01,2
539,1974,01,1
540,1982,02,2
541,1945,01,2
542,1960,05,1
543,1993,03,1
544,1964,01,2
545,1969,02,1
546,1982,01,1
547,1951,01,1
548,1973,04,1
549,1948,02,1
550,1983,02,1
551,1989,01,1
552,1996,01,1
553,1993,03,2
554,1976,02,1
555,1968,02,1
556,1982,04,2
557,2001,01,1
558,1971,01,2
559,1976,04,2
560,1947,04,2
561,1983,04,2
562,1987,05,2
563,1981,02,1
564,1986,02,2
565,2000,03,2
566,1970,03,1
567,1989,01,1
568,1978,03,1
569,1972,01,2
570,2000,01,2
571,1962,01,1
572,1950,04,2
573,1989,02,1
574,2005,03,1
575,1996,04,2
576,2006,03,2
577,1974,02,2
578,1955,01,1
579,1995,03,1
580,1985,02,1
581,1969,05,2
582,1995,02,1
583,1971,05,2
584,1976,02,2
585,1983,01,2
586,1977,03,2
587,2002,03,2
588,1978,04,2
589,1973,01,2
590,1997,01,1
591,1957,03,1
592,1971,01,2
593,1978,02,1
594,1984,03,1
595,1978,03,2
596,1974,05,2
597,1960,03,2
598,1952,03,2
599,1968,02,1
600,1965,01,1
601,1993,01,2
602,1997,03,2
603,1971,03,1
604,1973,04,1
605,1991,01,1
606,1953,05,1
607,1982,03,1
608,1976,01,1
609,1964,01,2
610,2004,04,2
611,1954,01,2
612,1977,01,1
613,1969,02,2
614,1991,01,2
615,1960,04,1
616,1971,04,2
617,1959,02,1
618,1993,04,2
619,1976,04,1
620,1961,03,2
621,1988,03,1
622,1960,04,1
623,1973,03,1
624,1986,05,2
625,1975,04,1
626,1971,03,1
627,1942,01,1
628,1973,02,1
629,1969,03,2
630,1974,02,2
631,1981,05,1
632,1984,03,1
633,1981,02,2
634,1983,01,2
635,1953,03,2
636,1976,01,2
637,1994,01,1
638,1984,04,2
639,1981,03,1
640,1971,04,1
641,1972,05,1
642,1970,01,1
643,1950,01,2
644,1985,05,1
645,1972,01,1
646,1942,04,1
647,1975,03,2
648,1980,03,1
649,1937,05,1
650,1989,05,1
651,1950,03,2
652,1983,03,1
653,1974,04,1
654,1968,04,2
655,1972,05,1
656,1952,01,1
657,1990,03,1
658,1960,04,2
659,1966,01,2
660,1999,05,1
661,1992,02,1
662,1983,01,1
663,1992,01,1
664,2002,03,1
665,2006,05,1
666,1975,01,2
667,1964,05,2
668,1979,04,2
669,1991,05,2
670,1958,03,1
671,1962,01,1
672,1977,05,2
673,1971,01,2
674,1983,04,2
675,1984,01,2
676,1994,02,1
677,1969,03,1
678,1968,04,1
679,1957,01,1
680,1976,02,1
681,2006,04,1
682,1997,01,2
683,1974,03,2
684,1972,01,2
685,1972,04,2
686,1976,02,2
687,1977,02,1
688,1997,01,1
689,1963,05,1
690,1972,03,2
691,2001,04,2
692,1996,01,2
693,1947,03,2
694,1977,04,1
695,1950,01,1
696,1960,05,2
697,1972,03,1
698,1991,01,2
699,1944,01,1
700,1999,02,1
701,1971,05,2
702,1995,02,1
703,1996,05,1
704,1959,02,2
705,1974,03,1
706,1965,05,1
707,1983,03,1
708,1965,05,1
709,1984,01,2
710,1955,01,1
711,1959,01,1
712,1949,03,2
713,2001,04,1
714,1975,02,1
715,1964,04,1
716,1976,04,1
717,1981,03,1
718,1963,03,2
719,1987,01,1
720,1972,05,2
721,1986,02,1
722,1978,02,1
723,1963,03,2
724,1989,02,1
725,1965,01,1
726,1973,02,2
727,1973,03,1
728,1981,01,2
729,1981,05,1
730,1951,05,2
731,1973,05,2
732,1965,05,1
733,1971,05,2
734,1980,03,1
735,1956,04,1
736,1988,02,1
737,1992,05,2
738,1978,01,1
739,1969,05,1
740,1971,02,2
741,1983,03,1
742,1974,02,1
743,1956,03,1
744,2004,03,1
745,1942,01,2
746,1992,05,1
747,1970,03,2
748,1983,02,2
749,1986,04,2
750,1973,01,2
751,1993,02,2
752,1964,05,1
753,1975,02,1
754,1971,05,1
755,1965,04,2
756,1985,02,1
757,1972,03,2
758,1983,04,1
759,1986,05,2
760,1967,04,2
761,1963,05,1
762,1988,01,2
763,1986,01,2
764,1983,01,2
765,1995,01,2
766,1968,03,2
767,1973,03,1
768,1981,03,2
769,1983,04,1
770,1995,03,1
771,1955,04,1
772,1947,03,2
773,1986,01,1
774,1975,04,1
775,1957,02,2
776,1957,03,1
777,1973,01,2
778,1973,01,2
779,1951,01,1
780,1978,05,1
781,1988,02,1
782,1960,01,2
783,1969,05,2
784,1965,01,2
785,1999,04,1
786,1976,01,2
787,1978,03,1
788,1958,03,2
789,1989,02,1
790,1956,02,1
791,1996,01,2
792,2004,05,2
793,1996,03,1
794,1970,05,1
795,1978,05,1
796,1963,05,2
797,1985,01,2
798,1996,01,1
799,1990,01,2
800,1976,01,1
801,1985,01,1
802,1965,01,1
803,1963,03,1
804,1979,02,2
805,1970,03,2
806,1993,02,2
807,1979,01,1
808,1970,03,1
809,1988,03,1
810,1990,03,1
811,1973,02,1
812,2006,04,2
813,1966,01,1
814,2006,05,2
815,1966,02,1
816,1957,03,1
817,1987,04,1
818,2006,01,2
819,1980,01,1
820,1977,02,1
821,1995,01,1
822,1979,03,2
823,1968,01,1
824,1971,03,2
825,1992,04,1
826,1982,04,2
827,1977,02,1
828,1983,04,2
829,1963,05,2
830,1954,03,1
831,1992,02,2
832,1963,04,1
833,1957,01,2
834,1979,04,2
835,1966,01,2
836,1952,01,1
837,1976,01,2
838,2005,03,1
839,1986,02,1
840,1951,02,2
841,1968,01,2
842,1976,04,2
843,1980,03,1
844,1970,03,2
845,1967,04,2
846,1979,04,1
847,1971,05,2
848,1970,03,2
849,1951,03,2
850,1995,01,1
851,1961,04,2
852,1977,02,2
853,1981,05,1
854,1953,01,1
855,1988,03,2
856,1993,05,1
857,1977,05,2
858,1991,04,1
859,2006,01,1
860,1990,05,1
861,1979,04,2
862,1968,02,2
863,1963,01,1
864,1988,03,1
865,1983,03,1
866,1970,04,1
867,1980,02,1
868,1970,03,2
869,1960,01,2
870,1988,01,1
871,1979,04,1
872,2006,02,2
873,1986,02,1
874,1974,02,1
875,1989,03,2
876,1975,01,2
877,1947,04,1
878,1984,01,2
879,1954,01,2
880,1974,02,1
881,1984,01,2
882,1962,03,2
883,1980,01,1
884,1966,02,1
885,1992,03,1
886,1979,02,2
887,1974,03,2
888,1958,02,2
889,1962,05,1
890,1953,04,2
891,1978,05,2
892,1990,04,1
893,1977,01,1
894,1972,05,1
895,1951,05,2
896,1988,01,1
897,1970,04,2
898,2006,01,2
899,1999,05,2
900,1980,03,1
901,1989,05,2
902,2002,05,1
903,1971,04,1
904,1992,03,1
905,1990,01,1
906,1975,03,2
907,1965,02,2
908,1985,05,1
909,2006,03,2
910,1972,03,2
911,1977,01,1
912,1969,04,1
913,1972,03,1
914,1949,02,2
915,1978,01,1
916,1971,01,2
917,1937,05,2
918,2002,05,1
919,1963,02,2
920,1967,04,2
921,2003,04,2
922,1961,01,1
923,1982,04,1
924,1982,01,2
925,1973,03,1
926,1992,01,1
927,1980,02,2
928,1999,03,2
929,1971,02,1
930,1985,01,1
931,1989,03,1
932,1986,04,1
933,1986,02,1
934,1948,03,1
935,1969,04,2
936,1960,03,1
937,2006,01,2
938,2006,05,2
939,1955,03,1
940,1981,03,2
941,1961,01,2
942,1970,02,1
943,1975,01,1
944,1960,01,2
945,1963,03,2
946,1958,05,2
947,1951,03,1
948,1969,01,1
949,1989,03,2
950,1978,03,2
951,1988,05,2
952,1995,01,1
953,1966,04,1
954,1994,05,1
955,1984,02,1
956,1939,05,1
957,1962,04,2
958,1982,05,1
959,1990,05,2
960,1984,05,1
961,1964,02,2
962,1943,04,1
963,1982,04,2
964,1992,04,2
965,1973,04,2
966,1983,05,2
967,1950,04,1
968,1989,01,2
969,1963,02,2
970,1959,02,2
971,1957,01,1
972,1985,01,1
973,1978,05,2
974,1991,04,2
975,2003,04,1
976,1975,02,1
977,1978,02,1
978,1987,04,2
979,1954,01,2
980,1958,02,1
981,1983,02,1
982,1965,03,2
983,1982,03,2
984,1980,05,2
985,1948,04,2
986,1984,03,1
987,2003,02,1
988,2003,01,1
989,1969,03,2
990,1966,01,1
991,1985,01,1
992,1954,02,1
993,1958,02,2
994,1991,04,1
995,1979,03,1
996,1960,01,2
997,1954,02,2
998,1970,04,2
999,1948,01,2
1000,2004,01,2
1001,1979,03,1
1002,1971,02,1
1003,1976,01,1
1004,1987,01,2
1005,1960,04,2
1006,1979,02,2
1007,1986,02,2
1008,1986,01,2
1009,1980,02,2
1010,1978,05,2
1011,1999,05,1
1012,1998,03,2
1013,1990,02,1
1014,1964,03,2
1015,1987,03,2
1016,1972,05,2
1017,1974,03,2
1018,1969,01,2
1019,1955,04,1
1020,1990,03,2
1021,1973,04,1
1022,1973,01,1
1023,1973,02,1
1024,1948,01,2
1025,1982,05,1
1026,1958,04,1
1027,1977,05,2
1028,1988,02,1
1029,1967,05,2
1030,1957,03,2
1031,1946,03,1
1032,2001,03,2
1033,2006,01,2
1034,1988,02,1
1035,2006,01,2
1036,1966,05,1
1037,1971,03,1
1038,1978,03,2
1039,1971,02,1
1040,1971,02,2
1041,1977,03,2
1042,1980,01,2
1043,1982,04,1
1044,2006,02,2
1045,1988,01,1
1046,1958,01,1
1047,1982,03,1
1048,1990,04,1
1049,1988,03,2
1050,1958,03,2
1051,1957,03,1
1052,1995,04,1
1053,1961,03,2
1054,1979,01,2
1055,1975,01,2
1056,1980,01,2
1057,1996,04,1
1058,1975,05,1
1059,1972,01,2
1060,1962,01,2
1061,1971,02,1
1062,1978,02,1
1063,2006,05,1
1064,1971,04,2
1065,1976,02,2
1066,1991,01,1
1067,1986,01,1
1068,2003,04,1
1069,1977,01,2
1070,2006,02,1
1071,1961,02,1
1072,1996,05,1
1073,1976,01,1
1074,1983,04,1
1075,1990,05,2
1076,1958,03,1
1077,1997,01,2
1078,1981,05,2
1079,2001,03,2
1080,1966,01,1
1081,1967,04,1
1082,1965,04,1
1083,1964,04,1
1084,1996,01,2
1085,1963,02,1
1086,1963,03,2
1087,1994,01,2
1088,1921,05,2
1089,1954,05,2
1090,1951,01,1
1091,1964,01,2
1092,1989,01,2
1093,1950,01,2
1094,1959,02,1
1095,1953,02,1
1096,1967,01,1
1097,1962,01,2
1098,1984,03,1
1099,1974,01,2
1100,1974,01,1
1101,1970,03,1
1102,1979,02,2
1103,1961,04,2
1104,1997,04,1
1105,1976,03,2
1106,1969,02,2
1107,2004,03,2
1108,1962,01,2
1109,1971,01,1
1110,1967,02,1
1111,1957,02,1
1112,1961,05,1
1113,1978,02,1
1114,1949,01,2
1115,1963,02,1
1116,2006,02,2
1117,2006,02,1
1118,1988,03,1
1119,1975,05,1
1120,1966,03,1
1121,1978,04,1
1122,2006,02,2
1123,2005,05,1
1124,1978,04,2
1125,1988,02,1
1126,1982,05,1
1127,1973,01,1
1128,1987,04,1
1129,1978,02,2
1130,1962,01,1
1131,1979,03,2
1132,1961,05,1
1133,1957,03,2
1134,2001,05,2
1135,1981,02,1
1136,1987,05,1
1137,1981,04,1
1138,1978,01,2
1139,1954,05,1
1140,1956,01,1
1141,2003,04,1
1142,1991,03,2
1143,1982,03,1
1144,1984,01,2
1145,1985,03,2
1146,1956,05,2
1147,1967,04,2
1148,1977,02,1
1149,1976,03,1
1150,1984,05,2
1151,2006,01,2
1152,1974,05,2
1153,1956,02,1
1154,1977,02,2
1155,1978,01,2
1156,1967,03,2
1157,1969,02,2
1158,1969,01,2
1159,1967,05,1
1160,1976,04,1
1161,2006,04,1
1162,1969,03,1
1163,1985,01,1
1164,1955,04,2
1165,1978,02,2
1166,1979,01,1
1167,1969,03,2
1168,1978,01,2
1169,1981,03,2
1170,1944,03,2
1171,1970,02,1
1172,1957,02,1
1173,1992,05,2
1174,1959,03,2
1175,1985,01,2
1176,1988,02,2
1177,1978,01,1
1178,1987,02,2
1179,1980,03,1
1180,1966,01,2
1181,1980,03,1
1182,1975,03,2
1183,1985,02,2
1184,1956,04,2
1185,1988,01,1
1186,1967,04,1
1187,1973,01,2
1188,1986,01,1
1189,1970,01,2
1190,1955,02,1
1191,1979,02,1
1192,1946,01,2
1193,2005,01,2
1194,1971,03,1
1195,1996,03,2
1196,1982,01,2
1197,1972,01,2
1198,1961,03,1
1199,1955,05,1
1200,1944,04,2
1201,1987,05,2
1202,1987,01,2
1203,1999,01,1
1204,2006,05,2
1205,1975,03,2
1206,1986,04,1
1207,1967,03,1
1208,1976,04,2
1209,1984,04,2
1210,1977,03,1
1211,1960,01,1
1212,1986,03,1
1213,1966,05,1
1214,1965,02,1
1215,1949,04,2
1216,1977,02,2
1217,1973,03,2
1218,1999,04,2
1219,1989,01,1
1220,1940,02,2
1221,1960,05,2
1222,1974,01,1
1223,1974,05,1
1224,1970,04,2
1225,1948,01,2
1226,1958,04,1
1227,1980,01,1
1228,1978,02,2
1229,1974,04,2
1230,1973,04,2
1231,1988,02,1
1232,2006,04,1
1233,1972,05,1
1234,1963,04,2
1235,1982,04,2
1236,1958,01,1
1237,1975,05,1
1238,1979,01,2
1239,1956,02,1
1240,1995,02,2
1241,1958,05,2
1242,1984,03,2
1243,1971,04,1
1244,1972,04,2
1245,2000,04,1
1246,1972,03,1
1247,1978,04,1
1248,1967,03,2
1249,1998,05,2
1250,1957,01,1
1251,1993,04,1
1252,1980,05,2
1253,1989,01,2
1254,1978,02,2
1255,1991,01,2
1256,1976,01,1
1257,1971,02,2
1258,1989,05,1
1259,1973,02,1
1260,1968,01,1
1261,1982,01,1
1262,1952,04,2
1263,1968,03,1
1264,1996,04,2
1265,1974,05,2
1266,1966,04,1
1267,1979,02,2
1268,1975,03,2
1269,1951,05,1
1270,1967,01,1
1271,1987,05,1
1272,1968,04,1
1273,1983,05,2
1274,1969,03,1
1275,1976,03,2
1276,1947,01,2
1277,1975,01,2
1278,1990,01,1
1279,1999,04,2
1280,1976,03,2
1281,1973,02,2
1282,1982,02,1
1283,1968,03,1
1284,1970,02,1
1285,1981,01,1
1286,2006,05,2
1287,1989,03,2
1288,1955,01,2
1289,1940,02,2
1290,1960,01,2
1291,1961,03,1
1292,1963,04,1
1293,1995,02,2
1294,1974,05,2
1295,1980,05,2
1296,1981,02,2
1297,1995,04,2
1298,1983,03,1
1299,1968,03,2
1300,1949,05,2
1301,1988,02,1
1302,1990,02,1
1303,1974,01,2
1304,1977,02,2
1305,1990,02,2
1306,2003,03,2
1307,1987,01,1
1308,1971,05,2
1309,1982,03,2
1310,1976,03,1
1311,1977,05,2
1312,1998,02,1
1313,1982,05,2
1314,1988,01,2
1315,1978,01,2
1316,1971,01,1
1317,1996,05,2
1318,1960,03,2
1319,1968,01,1
1320,1969,03,1
1321,1994,01,2
1322,1984,05,2
1323,1948,01,1
1324,1976,03,2
1325,1990,02,2
1326,1979,01,1
1327,1984,01,1
1328,1961,04,2
1329,1962,01,1
1330,1994,04,2
1331,1984,01,2
1332,2006,02,1
1333,1989,02,1
1334,1961,05,1
1335,1974,01,1
1336,1966,05,1
1337,1966,04,1
1338,1972,01,2
1339,1974,05,1
1340,1970,04,1
1341,1987,01,2
1342,1975,01,2
1343,2003,01,1
1344,1969,01,2
1345,1984,02,2
1346,1954,04,1
1347,1959,02,2
1348,1974,03,2
1349,1965,03,2
1350,1958,04,1
1351,1996,03,1
1352,1979,04,1
1353,1980,02,2
1354,1981,02,2
1355,1951,04,2
1356,1974,05,2
1357,1953,02,1
1358,1968,02,2
1359,1995,03,1
1360,1971,02,1
1361,2002,03,2
1362,1959,03,2
1363,1979,01,1
1364,1974,01,1
1365,1960,05,1
1366,1982,01,2
1367,1973,01,2
1368,1981,03,2
1369,1988,05,1
1370,2006,01,2
1371,1973,01,1
1372,1974,01,2
1373,1984,02,1
1374,1998,01,2
1375,1984,01,1
1376,1986,03,2
1377,2006,04,2
1378,1971,01,2
1379,1993,01,2
1380,1978,04,1
1381,1972,01,2
1382,1989,05,1
1383,1991,03,1
1384,1954,05,1
1385,1968,04,1
1386,1971,03,2
1387,1971,01,2
1388,1958,05,1
1389,1966,04,1
1390,1974,04,2
1391,1957,02,2
1392,1975,01,1
1393,1961,01,2
1394,1981,03,2
1395,1974,02,2
1396,1981,05,1
1397,1957,04,2
1398,1971,04,2
1399,1949,03,1
1400,1985,04,1
1401,1970,02,2
1402,1968,01,1
1403,1987,01,1
1404,1983,03,2
1405,1967,02,1
1406,1990,04,2
1407,1984,02,1
1408,1989,05,2
1409,1975,02,2
1410,1994,04,1
1411,1986,02,2
1412,1972,03,2
1413,1967,01,2
1414,1951,05,2
1415,1989,03,2
1416,1950,01,1
1417,1957,03,1
1418,1994,05,1
1419,1962,05,1
1420,1965,02,1
1421,1974,02,2
1422,1983,03,2
1423,1971,04,2
1424,1986,03,1
1425,1962,02,2
1426,1972,04,2
1427,1982,05,1
1428,1988,05,2
1429,1991,02,1
1430,1985,01,2
1431,1945,05,1
1432,1970,05,1
1433,1964,02,2
1434,1978,03,2
1435,1966,04,2
1436,1976,05,1
1437,1975,01,1
1438,1979,02,1
1439,1975,02,2
1440,1974,01,1
1441,1970,01,2
1442,1983,05,2
1443,1972,02,2
1444,1988,04,2
1445,1974,02,1
1446,1997,01,2
1447,1948,01,2
1448,1947,04,1
1449,1965,01,1
1450,1993,04,2
1451,1966,01,2
1452,1940,01,2
1453,1977,01,2
1454,1970,04,2
1455,1991,03,2
1456,1983,03,1
1457,1972,03,1
1458,1982,01,1
1459,1985,04,1
1460,1966,01,1
1461,1970,01,2
1462,1978,01,1
1463,1957,02,1
1464,1974,03,1
1465,1949,03,2
1466,1977,03,2
1467,1966,03,2
1468,1996,03,2
1469,1978,04,2
1470,1947,05,1
1471,1981,01,2
1472,1941,02,1
1473,1971,04,1
1474,1966,01,1
1475,1963,02,1
1476,1984,05,2
1477,1979,04,2
1478,1988,03,2
1479,1974,03,2
1480,1965,04,1
1481,2002,04,1
1482,1985,02,2
1483,1966,05,1
1484,1996,01,1
1485,1990,01,1
1486,1953,03,1
1487,1987,01,2
1488,1977,01,1
1489,1981,02,2
1490,1949,04,2
1491,1968,05,1
1492,1963,02,1
1493,1946,02,1
1494,1960,04,1
1495,1985,01,1
1496,1974,05,2
1497,1968,01,2
1498,2003,02,2
1499,1960,01,2
1500,1975,04,2
1501,1959,03,1
1502,1975,04,2
1503,1977,03,1
1504,1957,02,2
1505,1973,05,2
1506,1960,04,2
1507,1998,01,1
1508,1970,03,2
1509,1977,04,1
1510,1971,02,1
1511,1965,01,2
1512,1973,02,1
1513,1983,03,1
1514,1964,03,2
1515,1967,01,2
1516,1967,04,1
1517,2006,01,2
1518,1970,01,2
1519,1970,04,1
1520,2006,05,2
1521,1992,01,2
1522,1972,05,1
1523,1986,04,1
1524,1989,02,2
1525,1981,03,2
1526,1970,03,1
1527,1987,01,1
1528,1965,04,1
1529,1977,03,1
1530,1989,02,2
1531,1967,03,1
1532,1985,02,2
1533,1976,01,2
1534,2002,05,2
1535,1996,05,1
1536,1968,01,1
1537,1959,02,1
1538,1968,01,2
1539,1950,05,1
1540,1967,01,2
1541,1947,04,1
1542,1973,01,1
1543,1961,02,2
1544,1996,02,1
1545,1966,01,1
1546,1960,03,1
1547,1988,01,2
1548,1970,04,1
1549,1965,01,2
1550,1980,01,1
1551,1963,01,2
1552,1973,02,1
1553,1965,05,1
1554,1950,01,1
1555,1966,02,2
1556,1994,01,2
1557,1955,03,2
1558,1996,01,1
1559,1988,01,2
1560,1968,01,2
1561,1960,01,2
1562,1966,03,1
1563,2006,02,2
1564,1959,02,1
1565,1964,02,1
1566,2006,02,1
1567,1973,02,2
1568,2006,03,1
1569,1964,03,2
1570,1953,02,1
1571,1982,03,1
1572,1977,04,1
1573,1997,05,1
1574,1991,01,2
1575,1994,03,2
1576,1993,03,2
1577,1967,03,1
1578,1960,03,1
1579,1962,01,2
1580,1976,02,1
1581,1963,02,1
1582,1977,02,1
1583,1924,02,1
1584,1976,03,2
1585,1945,05,1
1586,1985,04,1
1587,1971,03,1
1588,1981,02,1
1589,1971,01,1
1590,1948,02,2
1591,1953,05,1
1592,1978,01,2
1593,1976,01,1
1594,1965,01,1
1595,1971,01,1
1596,1963,05,1
1597,1978,04,2
1598,1981,05,2
1599,1982,05,2
1600,1971,03,2
1601,1975,03,1
1602,1982,05,1
1603,1958,05,2
1604,1945,05,1
1605,1974,01,2
1606,1986,02,1
1607,1958,03,2
1608,1978,01,2
1609,2006,04,2
1610,1960,04,1
1611,1996,01,2
1612,1980,01,2
1613,2001,02,2
1614,1972,01,1
1615,1988,05,2
1616,1959,02,2
1617,1975,01,1
1618,1965,05,1
1619,1967,04,1
1620,1970,03,2
1621,1969,04,2
1622,1960,05,2
1623,1974,01,2
1624,1983,01,2
1625,1958,03,2
1626,1960,02,2
1627,1962,03,1
1628,1980,03,1
1629,1988,05,2
1630,1957,05,2
1631,1987,05,2
1632,1982,03,1
1633,1997,01,2
1634,2003,02,2
1635,1989,04,1
1636,1968,03,2
1637,1983,01,2
1638,1963,01,2
1639,1969,05,2
1640,2006,01,1
1641,1976,01,2
1642,2006,01,2
1643,1972,04,2
1644,1965,03,1
1645,1973,01,1
1646,1976,05,2
1647,1982,01,2
1648,1964,01,1
1649,1958,04,2
1650,1966,02,1
1651,1968,05,1
1652,1959,02,2
1653,1971,01,2
1654,1947,01,2
1655,1979,02,2
1656,2006,03,1
1657,1983,02,2
1658,1961,02,2
1659,1978,01,1
1660,1983,01,1
1661,1955,03,1
1662,1979,03,2
1663,1991,01,2
1664,1963,04,2
1665,1994,01,2
1666,1976,02,1
1667,1984,04,2
1668,1993,02,2
1669,1977,05,1
1670,2006,01,1
1671,1968,01,1
1672,1987,05,1
1673,1973,04,1
1674,1975,05,1
1675,1995,01,2
1676,1962,02,1
1677,1979,05,1
1678,1981,02,1
1679,1960,02,2
1680,1967,03,1
1681,1962,02,2
1682,1989,01,1
1683,1974,05,1
1684,1973,01,1
1685,1988,04,2
1686,1988,03,1
1687,1978,04,2
1688,1983,04,2
1689,1979,01,1
1690,1971,03,1
1691,1982,01,1
1692,1930,01,1
1693,1998,03,1
1694,1979,05,1
1695,1954,04,2
1696,1986,05,2
1697,1962,04,2
1698,1981,04,1
1699,1975,01,2
1700,1960,02,1
1701,1967,01,1
1702,1973,04,2
1703,1976,01,1
1704,1952,02,2
1705,1981,01,2
1706,1968,01,1
1707,2006,01,1
1708,1989,01,1
1709,1970,02,2
1710,1975,05,1
1711,1979,03,2
1712,1975,03,2
1713,1974,02,2
1714,1997,02,1
1715,1992,01,2
1716,1983,04,2
1717,1990,05,1
1718,1950,05,1
1719,1958,05,2
1720,2006,04,2
1721,1991,01,1
1722,1994,02,2
1723,1956,04,1
1724,1968,01,1
1725,1957,01,2
1726,1964,02,1
1727,1970,03,1
1728,1982,01,1
1729,1976,04,1
1730,1969,03,2
1731,1946,01,1
1732,1999,02,2
1733,1987,02,1
1734,1968,01,1
1735,1969,05,2
1736,1989,03,2
1737,1948,02,2
1738,1999,01,1
1739,1977,05,1
1740,1972,01,1
1741,1989,02,2
1742,1963,03,1
1743,1981,04,2
1744,1983,03,1
1745,1989,03,1
1746,1964,03,2
1747,1984,03,2
1748,2000,03,2
1749,1962,02,2
1750,1943,01,1
1751,2006,01,2
1752,1962,01,1
1753,1941,03,2
1754,1985,03,2
1755,1986,05,1
1756,1965,04,2
1757,1989,02,1
1758,1959,03,1
1759,1970,03,2
1760,2003,05,2
1761,1961,01,2
1762,1946,01,2
1763,1986,04,2
1764,1986,01,2
1765,1971,02,1
1766,1984,03,1
1767,1984,05,1
1768,1952,03,1
1769,1986,01,1
1770,1980,02,1
1771,1984,04,2
1772,1985,01,1
1773,1980,03,1
1774,1970,01,2
1775,1962,05,2
1776,1969,05,2
1777,1993,02,2
1778,1975,01,1
1779,1958,02,2
1780,1988,04,2
1781,1984,01,2
1782,1973,03,2
1783,2006,03,2
1784,1967,01,2
1785,1954,01,1
1786,1975,05,1
1787,1965,01,1
1788,1966,04,1
1789,1970,05,2
1790,1977,04,1
1791,1977,04,2
1792,1954,04,1
1793,1940,01,1
1794,1965,03,2
1795,1971,01,2
1796,1962,03,1
1797,1960,02,2
1798,1960,03,2
1799,1969,04,1
1800,1998,05,2
1801,1995,02,1
1802,1952,05,1
1803,1989,05,1
1804,1957,01,1
1805,1987,02,2
1806,1975,02,1
1807,1983,04,2
1808,1985,03,1
1809,1955,05,2
1810,1998,01,2
1811,1950,01,2
1812,1979,05,1
1813,1997,03,2
1814,1986,01,2
1815,1968,03,2
1816,1960,04,2
1817,1986,05,2
1818,1987,03,1
1819,1983,01,2
1820,1967,01,1
1821,1983,03,1
1822,1951,03,2
1823,1974,01,1
1824,2003,03,1
1825,1972,02,2
1826,1965,02,1
1827,1975,01,2
1828,1985,03,1
1829,1989,01,1
1830,1937,05,1
1831,1969,05,2
1832,1997,05,1
1833,1982,01,1
1834,1979,01,2
1835,1972,03,2
1836,2000,05,1
1837,1958,03,2
1838,1988,01,2
1839,1961,04,1
1840,1970,01,2
1841,2006,04,2
1842,1971,01,2
1843,1978,01,1
1844,1934,01,1
1845,1933,01,1
1846,1975,01,1
1847,1992,05,2
1848,1980,01,1
1849,1988,02,1
1850,1992,01,2
1851,1951,02,1
1852,1945,05,1
1853,1941,01,1
1854,1973,01,1
1855,1963,05,2
1856,1985,03,2
1857,1972,02,2
1858,1967,02,1
1859,1984,01,1
1860,1984,04,2
1861,1941,03,2
1862,1940,02,2
1863,1994,04,2
1864,2001,01,2
1865,1965,01,2
1866,1972,02,1
1867,1945,02,1
1868,1979,02,1
1869,1939,01,1
1870,1970,02,2
1871,1963,03,2
1872,1947,02,2
1873,1967,02,1
1874,1946,02,2
1875,1958,05,1
1876,1944,01,1
1877,1954,01,2
1878,1977,04,2
1879,1984,05,1
1880,2000,04,2
1881,1957,02,2
1882,1950,04,2
1883,1995,04,2
1884,1975,05,1
1885,1969,01,1
1886,1971,02,2
1887,1955,03,1
1888,1997,01,1
1889,1974,04,1
1890,1958,03,2
1891,1973,04,1
1892,1989,04,1
1893,1935,02,1
1894,1963,05,1
1895,1935,02,2
1896,1990,04,1
1897,1991,01,1
1898,1965,03,1
1899,1976,01,1
1900,2001,01,2
1901,1980,01,1
1902,1950,03,1
1903,1953,03,2
1904,1973,01,2
1905,1972,02,2
1906,1972,04,1
1907,1988,04,2
1908,1990,01,1
1909,2001,02,1
1910,1982,01,1
1911,1996,03,2
1912,1989,02,2
1913,1970,01,2
1914,1972,04,1
1915,1955,02,2
1916,1947,03,1
1917,1965,01,1
1918,1964,03,2
1919,1975,04,1
1920,1946,04,2
1921,1967,02,2
1922,1964,03,1
1923,1986,02,1
1924,1991,04,1
1925,1988,01,1
1926,1960,01,1
1927,1993,03,2
1928,1957,05,1
1929,1976,04,1
1930,1964,05,1
1931,1967,01,1
1932,1981,03,1
1933,1982,05,2
1934,1986,01,2
1935,1987,03,2
1936,1999,02,1
1937,1977,04,1
1938,1991,05,1
1939,1965,02,2
1940,1975,01,2
1941,1973,04,1
1942,1964,01,1
1943,1991,03,2
1944,1982,02,2
1945,1962,01,2
1946,1972,05,2
1947,1952,01,2
1948,1962,05,1
1949,1973,05,2
1950,1994,02,2
1951,1971,01,1
1952,1951,01,1
1953,1997,03,1
1954,1973,03,2
1955,1971,04,2
1956,1951,01,2
1957,1968,01,1
1958,1977,01,2
1959,1969,04,1
1960,1968,01,2
1961,1966,02,2
1962,1959,01,2
1963,1988,04,1
1964,1977,01,2
1965,1964,03,2
1966,1964,02,1
1967,1969,04,1
1968,1990,01,1
1969,1975,03,2
1970,1961,02,2
1971,2000,05,2
1972,1974,01,1
1973,1965,03,1
1974,1984,01,1
1975,1968,02,2
1976,1960,04,1
1977,1993,02,1
1978,1952,03,2
1979,1984,05,2
1980,1960,01,1
1981,1960,05,2
1982,1994,01,2
1983,1986,04,1
1984,1951,01,1
1985,1971,03,2
1986,1980,05,2
1987,1964,03,2
1988,1979,02,1
1989,1982,01,2
1990,1990,03,2
1991,1989,05,2
1992,1948,05,2
1993,1989,01,2
1994,1967,01,2
1995,1987,05,2
1996,1973,05,2
1997,1954,05,1
1998,1967,01,2
1999,1996,04,2
2000,1991,02,2
2001,1971,03,1
2002,1957,04,2
2003,1948,01,2
2004,1973,02,2
2005,1979,05,2
2006,1954,01,1
2007,1986,01,1
2008,1979,03,1
2009,1975,02,1
2010,1981,02,1
2011,1984,03,2
2012,1966,05,1
2013,1980,01,2
2014,1954,05,1
2015,1987,01,1
2016,1973,01,1
2017,1975,01,1
2018,1989,03,1
2019,1975,03,2
2020,1948,03,2
2021,1987,04,1
2022,1955,04,2
2023,1966,03,2
2024,1993,05,2
2025,1980,05,2
2026,1987,05,2
2027,1985,02,1
2028,1983,03,1
2029,1963,03,1
2030,1967,04,2
2031,1991,03,1
2032,1960,01,1
2033,1960,01,2
2034,1996,05,1
2035,1990,04,1
2036,1993,01,1
2037,1962,05,1
2038,1968,01,2
2039,1979,04,1
2040,1963,05,1
2041,1995,05,2
2042,1988,03,2
2043,1982,03,1
2044,1968,05,1
2045,1985,02,2
2046,1969,02,2
2047,1998,01,2
2048,1973,02,1
2049,1954,04,2
2050,1990,01,2
2051,1984,01,1
2052,1970,03,2
2053,1990,01,2
2054,1982,01,2
2055,1989,01,2
2056,1968,01,1
2057,1938,04,2
2058,1973,02,2
2059,1998,02,1
2060,1973,02,1
2061,1959,05,2
2062,1986,02,2
2063,1976,01,2
2064,1966,01,2
2065,1983,05,2
2066,1973,03,2
2067,1979,01,2
2068,1973,01,1
2069,1955,03,1
2070,1959,03,2
2071,1953,05,2
2072,1960,03,1
2073,1985,01,2
2074,1947,01,2
2075,1969,01,1
2076,1973,04,2
2077,1958,02,1
2078,1986,01,2
2079,1969,01,1
2080,1997,05,2
2081,1984,04,2
2082,1977,03,2
2083,2002,03,2
2084,1982,01,1
2085,1995,03,1
2086,1978,02,1
2087,1987,05,1
2088,1993,04,2
2089,1967,02,1
2090,1987,04,1
2091,1978,03,2
2092,1947,04,1
2093,1956,03,2
2094,1979,01,2
2095,1964,01,1
2096,1988,02,2
2097,1970,05,2
2098,1999,02,1
2099,1968,03,1
2100,1989,02,1
2101,1991,01,2
2102,1980,05,2
2103,1962,03,2
2104,1986,03,2
2105,1957,01,1
2106,1978,02,2
2107,1994,05,2
2108,1979,01,1
2109,1979,05,1
2110,1980,05,2
2111,1997,01,2
2112,1983,01,2
2113,1965,05,2
2114,1987,03,2
2115,1967,01,2
2116,1960,02,2
2117,1994,01,1
2118,1971,01,2
2119,1963,01,1
2120,1995,04,2
2121,1970,01,2
2122,1997,03,1
2123,2005,05,1
2124,1972,01,2
2125,1971,05,1
2126,2002,05,2
2127,1948,01,1
2128,1995,03,1
2129,2003,03,1
2130,1972,01,2
2131,1939,03,2
2132,1975,02,2
2133,1987,03,1
2134,1965,04,2
2135,1959,03,1
2136,1953,03,1
2137,1963,01,1
2138,1972,02,1
2139,1965,05,2
2140,1955,05,1
2141,1970,05,1
2142,2004,02,2
2143,1975,03,1
2144,1976,02,1
2145,1996,04,1
2146,1969,05,1
2147,1958,02,2
2148,1998,01,1
2149,1970,03,1
2150,1977,02,2
2151,1948,01,2
2152,1993,01,2
2153,1969,02,1
2154,1985,01,1
2155,1974,04,2
2156,1965,03,1
2157,2006,04,2
2158,1951,03,1
2159,1993,02,1
2160,1987,01,2
2161,1996,01,2
2162,1970,05,1
2163,1945,02,2
2164,1960,02,1
2165,1973,03,2
2166,1976,03,2
2167,1960,05,1
2168,1971,01,1
2169,1975,02,2
2170,1957,02,1
2171,1952,01,2
2172,1977,04,2
2173,1961,03,2
2174,1996,03,1
2175,1973,02,2
2176,1979,03,1
2177,1947,03,2
2178,1989,01,1
2179,1984,03,1
2180,1989,05,2
2181,1970,01,1
2182,1967,01,2
2183,1980,02,1
2184,1974,05,2
2185,1964,04,1
2186,1977,02,1
2187,1986,01,2
2188,1961,01,2
2189,1968,02,1
2190,1970,02,2
2191,1998,01,1
2192,1957,04,1
2193,1951,03,1
2194,1967,05,1
2195,1964,02,2
2196,1980,01,1
2197,1988,01,1
2198,1973,04,2
2199,1981,05,2
2200,1959,04,1
2201,1948,01,1
2202,2006,03,1
2203,1985,04,1
2204,1976,04,1
2205,1965,03,2
2206,1964,01,1
2207,2006,03,2
2208,1982,03,1
2209,1956,01,1
2210,1978,05,2
2211,1972,03,2
2212,1965,03,1
2213,1981,05,1
2214,1973,05,2
2215,1968,02,1
2216,1968,04,2
2217,1997,01,1
2218,1966,01,2
2219,1977,04,2
2220,1986,03,1
2221,1996,01,2
2222,1975,04,2
2223,1986,02,1
2224,1998,05,1
2225,1995,02,2
2226,1991,03,2
2227,1976,03,2
2228,1969,01,2
2229,1944,01,1
2230,1973,03,1
2231,1972,02,2
2232,1961,01,1
2233,1971,03,1
2234,1974,04,1
2235,1967,05,1
2236,1989,04,1
2237,1967,01,1
2238,1984,01,1
2239,1957,02,1
2240,1977,01,2
2241,1971,05,1
2242,1981,03,2
2243,1993,03,2
2244,2001,02,2
2245,1973,04,2
2246,1975,05,1
2247,1963,03,2
2248,1994,02,2
2249,1975,03,2
2250,1982,03,1
2251,1992,01,2
2252,1964,03,2
2253,1966,01,1
2254,1988,01,2
2255,1970,03,2
2256,1954,05,1
2257,1994,05,1
2258,1988,03,2
2259,1943,01,1
2260,2006,03,2
2261,1974,05,1
2262,1964,01,2
2263,1990,01,1
2264,1999,02,1
2265,1969,01,2
2266,1979,05,2
2267,1983,02,1
2268,1955,02,1
2269,1974,04,2
2270,1980,02,1
2271,1974,04,2
2272,1990,04,2
2273,1973,02,1
2274,1968,05,1
2275,1967,01,1
2276,2002,02,1
2277,1995,02,1
2278,1989,02,2
2279,1953,05,2
2280,1956,05,1
2281,1959,01,2
2282,1997,03,2
2283,1981,02,1
2284,1986,03,2
2285,2001,03,1
2286,1993,04,1
2287,1978,04,1
2288,1967,01,1
2289,1972,05,1
2290,1979,03,1
2291,1978,01,1
2292,1962,01,1
2293,1955,01,2
2294,1959,01,1
2295,1963,04,1
2296,1972,02,1
2297,1982,04,1
2298,1974,03,2
2299,1971,02,2
2300,1984,01,1
2301,1987,02,1
2302,1983,03,1
2303,1952,05,2
2304,1980,02,1
2305,1984,01,1
2306,1970,01,1
2307,1961,05,2
2308,1958,03,1
2309,1981,01,1
2310,2001,01,2
2311,1950,02,2
2312,1978,01,1
2313,1987,03,2
2314,1969,01,1
2315,1979,02,1
2316,1946,05,2
2317,2006,03,2
2318,1985,01,2
2319,1972,02,2
2320,1996,04,1
2321,1976,02,1
2322,1960,03,2
2323,1991,01,1
2324,1959,01,1
2325,1954,01,2
2326,1970,02,1
2327,1967,01,1
2328,1950,02,2
2329,1974,05,2
2330,1954,01,2
2331,1999,03,1
2332,1963,02,1
2333,1980,01,2
2334,1942,02,1
2335,1947,02,1
2336,1961,01,1
2337,2006,01,2
2338,1984,02,1
2339,1986,02,1
2340,1958,05,1
2341,1972,01,2
2342,1997,03,1
2343,1987,03,1
2344,1963,05,1
2345,1988,03,2
2346,1960,01,1
2347,1971,02,1
2348,1989,01,2
2349,1991,03,2
2350,1969,03,2
2351,1970,02,2
2352,1966,03,2
2353,1957,02,2
2354,1987,02,2
2355,1967,04,1
2356,1976,01,2
2357,1993,05,2
2358,1981,02,1
2359,1988,03,1
2360,1966,01,1
2361,1982,01,1
2362,1967,02,1
2363,1985,01,1
2364,1984,01,1
2365,1995,04,2
2366,1989,05,1
2367,1980,01,1
2368,1968,05,1
2369,1982,01,1
2370,1972,05,1
2371,2006,04,2
2372,1966,04,2
2373,1981,01,2
2374,1965,01,1
2375,1968,02,2
2376,1987,01,1
2377,1968,04,1
2378,1986,01,1
2379,1980,03,2
2380,1990,05,2
2381,1945,04,1
2382,1967,05,1
2383,1976,01,2
2384,1973,01,2
2385,1956,02,2
2386,1974,03,1
2387,2006,05,2
2388,1955,04,1
2389,1965,02,1
2390,1969,02,2
2391,1964,05,2
2392,1979,02,1
2393,2006,01,2
2394,1976,03,2
2395,1974,01,2
2396,1963,03,1
2397,2006,01,1
2398,1984,05,1
2399,1981,05,2
2400,1958,05,2
2401,1949,05,2
2402,1994,02,2
2403,1993,01,2
2404,1958,03,2
2405,2004,01,2
2406,1979,03,2
2407,1974,03,2
2408,1970,01,2
2409,1985,05,2
2410,1984,05,2
2411,1968,01,1
2412,1966,02,1
2413,1997,03,1
2414,1983,04,2
2415,1989,02,2
2416,1990,04,2
2417,1974,02,1
2418,1987,03,1
2419,1984,01,1
2420,1952,01,2
2421,1998,03,2
2422,1977,01,2
2423,1972,01,2
2424,1990,04,1
2425,1978,05,2
2426,1993,03,1
2427,1967,02,1
2428,1969,04,2
2429,1971,01,1
2430,1957,03,2
2431,1965,01,1
2432,1992,01,1
2433,1982,01,1
2434,1960,01,1
2435,1962,03,2
2436,1969,05,2
2437,1976,02,2
2438,1977,05,2
2439,1976,05,2
2440,1948,02,2
2441,1961,02,2
2442,1992,04,2
2443,1968,02,1
2444,1992,01,2
2445,1966,02,1
2446,1976,02,2
2447,1976,02,2
2448,1968,01,1
2449,1984,04,2
2450,1960,03,1
2451,1967,05,2
2452,1983,01,1
2453,1979,02,2
2454,2006,03,1
2455,1973,03,1
2456,1991,02,2
2457,1948,03,1
2458,1989,01,1
2459,1953,03,1
2460,1969,03,2
2461,1987,05,2
2462,1975,01,1
2463,1979,02,2
2464,1989,04,2
2465,1985,03,1
2466,1994,02,2
2467,1998,02,2
2468,1973,03,1
2469,1983,01,1
2470,1993,01,2
2471,1965,03,1
2472,1968,01,2
2473,1960,04,2
2474,1991,01,2
2475,1967,05,1
2476,1966,04,2
2477,1975,03,1
2478,1978,05,2
2479,1977,02,1
2480,1947,05,1
2481,1975,03,1
2482,1983,02,2
2483,1967,05,2
2484,1975,02,2
2485,2004,04,1
2486,1980,04,1
2487,2006,01,1
2488,1975,03,1
2489,2006,03,2
2490,2001,02,1
2491,1966,01,1
2492,1980,04,1
2493,1971,01,1
2494,1981,05,1
2495,1981,02,1
2496,1967,01,2
2497,1963,02,1
2498,1963,04,2
2499,1970,04,1
2500,1977,02,1
2501,2001,01,2
2502,2006,03,2
2503,1959,01,2
2504,1972,03,1
2505,1963,02,1
2506,1951,05,2
2507,1956,05,1
2508,1975,03,1
2509,1978,05,1
2510,2003,01,2
2511,1965,01,2
2512,1951,02,2
2513,1996,04,2
2514,1962,02,1
2515,1979,03,2
2516,1983,05,2
2517,1977,03,1
2518,1960,03,2
2519,1998,01,1
2520,1972,03,2
2521,1986,04,2
2522,1962,04,2
2523,1963,01,2
2524,1975,01,2
2525,1978,03,2
2526,1990,02,2
2527,1973,01,2
2528,1961,02,2
2529,1968,04,2
2530,1976,01,2
2531,1950,01,1
2532,1984,02,1
2533,1968,03,1
2534,1979,02,2
2535,1988,01,2
2536,1949,03,1
2537,1957,05,2
2538,1959,01,1
2539,1982,03,1
2540,1999,01,1
2541,1958,01,2
2542,1982,03,2
2543,1943,04,2
2544,1987,01,2
2545,1986,01,1
2546,1994,01,2
2547,1980,01,2
2548,1974,04,1
2549,1965,02,1
2550,1991,04,1
2551,1988,03,2
2552,1962,04,2
2553,1966,04,2
2554,1993,03,1
2555,1972,01,1
2556,1968,01,1
2557,1997,03,2
2558,1986,01,2
2559,1986,03,1
2560,1976,01,1
2561,1974,01,2
2562,1947,04,2
2563,1995,04,2
2564,2006,03,1
2565,1977,01,1
2566,1978,01,1
2567,1969,05,2
2568,1958,05,1
2569,1950,02,2
2570,1956,01,2
2571,1969,05,2
2572,1970,01,2
2573,1975,01,1
2574,1968,02,2
2575,1975,02,1
2576,1982,05,1
2577,1992,04,2
2578,1962,01,2
2579,1957,01,1
2580,1969,01,1
2581,1977,04,2
2582,1981,02,1
2583,1978,04,2
2584,1995,04,1
2585,1974,01,2
2586,1964,05,2
2587,1973,01,1
2588,1969,01,1
2589,1977,05,2
2590,1981,01,1
2591,1959,01,2
2592,1986,01,2
2593,1980,04,1
2594,1982,04,1
2595,1959,01,1
2596,1965,05,1
2597,1970,05,2
2598,1965,01,1
2599,1948,01,1
2600,1971,01,1
2601,1989,03,2
2602,1994,03,2
2603,1977,05,2
2604,1959,01,2
2605,1973,03,2
2606,1960,01,2
2607,2006,05,1
2608,1951,03,2
2609,1952,02,2
2610,1973,02,1
2611,1985,02,1
2612,1983,03,1
2613,1954,05,1
2614,1997,02,1
2615,1993,01,1
2616,1985,02,2
2617,1978,01,1
2618,1981,01,2
2619,1966,01,2
2620,1972,02,2
2621,1991,03,2
2622,1955,03,2
2623,1972,02,2
2624,1963,05,2
2625,1981,03,1
2626,1963,01,2
2627,1952,01,1
2628,1999,03,1
2629,1979,02,1
2630,1959,02,2
2631,1970,02,2
2632,1968,01,1
2633,1966,04,1
2634,1968,02,2
2635,1959,05,2
2636,1986,03,1
2637,1982,01,1
2638,1973,04,2
2639,1979,04,2
2640,1961,05,1
2641,1980,05,2
2642,1967,02,1
2643,1961,01,1
2644,1983,03,1
2645,1968,02,1
2646,1968,02,2
2647,1976,01,1
2648,1986,04,1
2649,1993,01,2
2650,1964,02,1
2651,1965,01,2
2652,1963,04,1
2653,1985,01,2
2654,1959,01,1
2655,1959,02,1
2656,1941,03,1
2657,1996,02,2
2658,1975,05,2
2659,1964,02,1
2660,1998,01,1
2661,1973,05,1
2662,1980,01,1
2663,1996,03,1
2664,1983,03,2
2665,1963,03,1
2666,1955,05,2
2667,1983,02,2
2668,1980,04,1
2669,1980,01,1
2670,1972,03,1
2671,1961,04,2
2672,1980,01,1
2673,1967,05,2
2674,1967,03,2
2675,1982,03,2
2676,1988,01,1
2677,1981,03,1
2678,1961,02,1
2679,1979,05,2
2680,1974,02,1
2681,1970,04,2
2682,1982,01,1
2683,1991,03,2
2684,1967,05,1
2685,1979,02,2
2686,1958,01,2
2687,1949,02,1
2688,1976,02,1
2689,1983,01,1
2690,1994,03,2
2691,1958,02,2
2692,2006,05,1
2693,1994,01,2
2694,1955,04,1
2695,1979,01,2
2696,1960,05,2
2697,1972,01,2
2698,1940,05,2
2699,1963,03,2
2700,1981,02,2
2701,1968,02,1
2702,1987,04,2
2703,1971,04,1
2704,1963,04,2
2705,1963,01,1
2706,1992,01,2
2707,1950,05,1
2708,1967,03,2
2709,1954,02,1
2710,1969,01,1
2711,1969,03,1
2712,1964,04,2
2713,1979,02,1
2714,1965,04,1
2715,1987,03,2
2716,1953,01,2
2717,1989,05,1
2718,1987,03,2
2719,1991,02,2
2720,1991,02,2
2721,1990,03,1
2722,1967,03,2
2723,1976,04,1
2724,1961,04,2
2725,1943,03,1
2726,1966,05,2
2727,1962,02,2
2728,1967,02,2
2729,1962,01,2
2730,1961,01,2
2731,1951,03,1
2732,1979,03,1
2733,1963,03,1
2734,1981,02,2
2735,1959,01,2
2736,1987,03,2
2737,1962,03,2
2738,1958,01,1
2739,1958,04,1
2740,1958,02,2
2741,1981,01,2
2742,1985,01,2
2743,1994,03,2
2744,1966,04,2
2745,1997,04,2
2746,1986,02,2
2747,1996,02,2
2748,1962,05,2
2749,1967,02,1
2750,1989,03,2
2751,1983,05,1
2752,1979,02,2
2753,2006,03,1
2754,1980,04,2
2755,1967,01,2
2756,1981,05,1
2757,1978,03,2
2758,1975,04,2
2759,1970,03,1
2760,1976,02,1
2761,1955,01,2
2762,1964,05,1
2763,1961,01,1
2764,1977,03,2
2765,1988,03,2
2766,1970,05,1
2767,2004,05,1
2768,1996,04,2
2769,1959,02,2
2770,1982,03,2
2771,1999,05,2
2772,1990,04,2
2773,1994,01,2
2774,1979,05,2
2775,1964,04,2
2776,1966,02,1
2777,1958,04,2
2778,1942,02,2
2779,1990,03,2
2780,1965,03,2
2781,2004,02,1
2782,1974,03,1
2783,1976,02,2
2784,1982,05,2
2785,1972,01,2
2786,1998,05,2
2787,1954,02,1
2788,1967,01,1
2789,1977,02,2
2790,1960,01,1
2791,1970,03,1
2792,1997,02,2
2793,1985,02,2
2794,1993,04,1
2795,1950,04,2
2796,1982,01,2
2797,1979,05,1
2798,1987,01,1
2799,1987,01,1
2800,1989,01,2
2801,1993,01,1
2802,1970,03,2
2803,1960,05,2
2804,1947,04,2
2805,1975,02,2
2806,1972,02,1
2807,1961,02,1
2808,1989,03,1
2809,1971,03,1
2810,1948,01,2
2811,1977,03,1
2812,1945,04,2
2813,1977,03,1
2814,1960,05,1
2815,1985,01,1
2816,1984,02,2
2817,1968,04,2
2818,1974,03,1
2819,1975,01,2
2820,1977,01,2
2821,1974,01,1
2822,1995,02,1
2823,1997,02,2
2824,1920,01,1
2825,1949,03,1
2826,1984,04,1
2827,1957,03,2
2828,1974,01,1
2829,1947,03,1
2830,1998,05,1
2831,2004,03,1
2832,1949,03,2
2833,1940,04,2
2834,1987,01,1
2835,1987,01,1
2836,1964,04,2
2837,1981,01,1
2838,1983,03,2
2839,1957,01,2
2840,2002,01,2
2841,1956,05,1
2842,1957,04,1
2843,1969,04,2
2844,1989,05,1
2845,1991,02,1
2846,1980,01,2
2847,1973,02,1
2848,1957,03,2
2849,1962,03,1
2850,1981,02,2
2851,1990,03,1
2852,1974,05,2
2853,1974,05,2
2854,1966,04,1
2855,1987,05,1
2856,1993,03,1
2857,1965,01,1
2858,1967,01,1
2859,1982,05,2
2860,1963,02,2
2861,1951,02,1
2862,1985,04,1
2863,1967,01,2
2864,1964,04,1
2865,1963,02,2
2866,1964,03,2
2867,1969,01,1
2868,1976,03,2
2869,1968,03,2
2870,2003,05,1
2871,1964,02,1
2872,2000,01,1
2873,1989,02,1
2874,1995,01,2
2875,1970,01,1
2876,1989,01,1
2877,2001,01,1
2878,1969,01,1
2879,1965,01,2
2880,1948,03,2
2881,1959,02,1
2882,1982,02,2
2883,1984,02,1
2884,1982,01,2
2885,1976,03,2
2886,1980,02,2
2887,1992,03,1
2888,1991,02,2
2889,1988,05,2
2890,1990,02,2
2891,1971,01,1
2892,1966,03,2
2893,1945,05,1
2894,1969,02,2
2895,1985,02,1
2896,1984,01,2
2897,2001,02,2
2898,1979,01,1
2899,1973,03,2
2900,1951,03,2
2901,1962,02,1
2902,1966,01,1
2903,1981,05,1
2904,1959,03,1
2905,1970,03,2
2906,1999,05,1
2907,1975,02,2
2908,2001,05,1
2909,1989,05,1
2910,1983,01,1
2911,1949,04,2
2912,1984,04,2
2913,1980,02,2
2914,1981,02,2
2915,1977,01,2
2916,1993,04,1
2917,1978,05,1
2918,1969,05,2
2919,1993,02,1
2920,1969,01,1
2921,1979,03,1
2922,2005,05,1
2923,1985,04,2
2924,1967,03,2
2925,1977,01,1
2926,1979,02,2
2927,1990,05,1
2928,1990,05,2
2929,1959,02,1
2930,1995,02,1
2931,1970,02,2
2932,1983,05,1
2933,1995,01,1
2934,1985,04,1
2935,1967,04,1
2936,1987,04,2
2937,1964,01,1
2938,1956,02,1
2939,1975,01,1
2940,1960,04,2
2941,1956,03,1
2942,1946,04,2
2943,1975,02,1
2944,1949,02,1
2945,1973,01,2
2946,1969,02,2
2947,1999,03,1
2948,1957,03,1
2949,1979,01,1
2950,1979,01,1
2951,1976,02,1
2952,1960,02,1
2953,1969,02,2
2954,1981,01,1
2955,1955,05,2
2956,1964,01,1
2957,1968,03,1
2958,1950,02,2
2959,1978,03,1
2960,1961,01,2
2961,2006,04,2
2962,1988,01,2
2963,1979,01,1
2964,1988,01,2
2965,1961,02,1
2966,1979,03,2
2967,1974,03,2
2968,1964,02,2
2969,1970,05,1
2970,1958,04,1
2971,1975,04,1
2972,1966,05,2
2973,1975,04,2
2974,1974,04,1
2975,1970,02,2
2976,1971,02,2
2977,1969,01,2
2978,1984,05,1
2979,1985,02,1
2980,1974,03,1
2981,1971,02,2
2982,1999,05,1
2983,1978,02,1
2984,1995,04,1
2985,1983,01,1
2986,1983,01,2
2987,1980,03,2
2988,1983,03,2
2989,2006,05,2
2990,1972,05,2
2991,1980,01,2
2992,1961,05,2
2993,1976,05,2
2994,2006,05,2
2995,1974,01,2
2996,1986,01,2
2997,1953,01,1
2998,1973,01,2
2999,1941,05,2
3000,1981,03,2
3001,1978,02,2
3002,1946,05,1
3003,1963,03,2
3004,1985,04,2
3005,2006,04,2
3006,2003,02,2
3007,1949,02,1
3008,1966,05,1
3009,1971,05,1
3010,1961,04,1
3011,1971,01,2
3012,1983,03,2
3013,1960,04,2
3014,1985,04,1
3015,1971,01,1
3016,1991,02,2
3017,2002,01,2
3018,1990,03,1
3019,1961,03,1
3020,1967,01,1
3021,1988,03,1
3022,1968,03,2
3023,1959,05,2
3024,1979,02,2
3025,1934,02,1
3026,1978,01,2
3027,1966,02,2
3028,2006,02,2
3029,1980,02,2
3030,1972,03,1
3031,1958,05,1
3032,1970,04,1
3033,1963,03,2
3034,1961,03,1
3035,1956,02,1
3036,1995,05,1
3037,1975,01,1
3038,1970,04,1
3039,1982,03,1
3040,1982,03,2
3041,1979,01,1
3042,1970,04,2
3043,1986,03,2
3044,2002,01,1
3045,1968,01,1
3046,1986,01,2
3047,1979,04,2
3048,1940,01,1
3049,1959,05,1
3050,1982,02,1
3051,1972,05,2
3052,1951,05,2
3053,1991,01,1
3054,1963,03,1
3055,1948,04,2
3056,1964,04,2
3057,1967,01,2
3058,1946,01,2
3059,1961,03,2
3060,1985,01,2
3061,1965,03,2
3062,1948,02,1
3063,1989,01,2
3064,1981,05,1
3065,1959,01,1
3066,1989,02,1
3067,2000,03,1
3068,1981,02,2
3069,1970,04,1
3070,1946,02,2
3071,1993,03,2
3072,1976,02,2
3073,1989,04,1
3074,1967,01,1
3075,1979,02,1
3076,1974,01,1
3077,1970,01,2
3078,1988,04,1
3079,1971,05,1
3080,1994,01,1
3081,1973,03,1
3082,1966,01,2
3083,1998,02,2
3084,1994,01,2
3085,1980,03,1
3086,1980,01,1
3087,1986,02,2
3088,1970,01,1
3089,1954,02,1
3090,1967,04,2
3091,1980,01,1
3092,2000,01,1
3093,2006,05,2
3094,1985,02,1
3095,1985,04,2
3096,1970,03,2
3097,1980,05,2
3098,1982,01,2
3099,1975,04,2
3100,1984,04,2
3101,1977,04,2
3102,1968,02,2
3103,1970,04,1
3104,1982,01,2
3105,2001,01,2
3106,1977,05,1
3107,1996,03,1
3108,1979,02,2
3109,1948,01,2
3110,1985,01,2
3111,1973,03,1
3112,1973,05,2
3113,1960,03,1
3114,1960,01,2
3115,1969,05,2
3116,1987,04,2
3117,1977,03,2
3118,1950,05,1
3119,2006,02,2
3120,1954,05,2
3121,1985,05,1
3122,1967,02,1
3123,1961,04,2
3124,1971,05,1
3125,1976,04,2
3126,1962,04,2
3127,1961,01,1
3128,1958,02,1
3129,1995,02,2
3130,2006,02,1
3131,1986,03,1
3132,1981,03,2
3133,1958,01,2
3134,1962,03,2
3135,1968,01,1
3136,1966,02,2
3137,1958,02,2
3138,1994,01,1
3139,1973,04,1
3140,1966,01,1
3141,1986,02,2
3142,1976,05,2
3143,1970,04,1
3144,1983,04,1
3145,1972,03,2
3146,1961,03,2
3147,1985,04,1
3148,1970,03,1
3149,1963,01,2
3150,1956,01,2
3151,1968,05,2
3152,1967,01,1
3153,2003,04,2
3154,1992,03,1
3155,1984,03,2
3156,2000,02,1
3157,1973,03,1
3158,1989,05,2
3159,1967,03,2
3160,1976,01,2
3161,1973,02,1
3162,1973,03,2
3163,1995,01,1
3164,1984,04,1
3165,1973,04,1
3166,1956,02,1
3167,1997,05,2
3168,1952,05,2
3169,1977,01,1
3170,1983,02,2
3171,1974,04,2
3172,1970,05,2
3173,1965,01,1
3174,1982,01,2
3175,1977,04,1
3176,1972,03,2
3177,1967,02,1
3178,1961,02,2
3179,1990,01,1
3180,1982,01,1
3181,1986,03,1
3182,1989,01,1
3183,1989,01,2
3184,1987,04,2
3185,1947,01,1
3186,1961,04,2
3187,1983,03,2
3188,1939,01,1
3189,1979,01,1
3190,1978,05,2
3191,1962,05,1
3192,1994,04,1
3193,1992,04,2
3194,1987,03,1
3195,1953,04,1
3196,1971,04,2
3197,1983,05,1
3198,1970,02,1
3199,1980,01,1
3200,1993,01,2
3201,1999,03,2
3202,1983,04,1
3203,1972,05,2
3204,1993,05,2
3205,1979,04,2
3206,1972,02,2
3207,1976,03,1
3208,1955,03,1
3209,1975,02,2
3210,1992,01,2
3211,1969,02,1
3212,1994,05,1
3213,1974,03,1
3214,1985,05,1
3215,1981,05,1
3216,1960,01,1
3217,1985,01,1
3218,1967,01,1
3219,1942,01,2
3220,1980,05,2
3221,1965,02,2
3222,1991,01,1
3223,1969,05,1
3224,1968,01,2
3225,1948,02,1
3226,1975,01,2
3227,1976,04,2
3228,1937,01,1
3229,1996,04,2
3230,1989,03,1
3231,1978,02,2
3232,1973,04,1
3233,1974,03,2
3234,1980,05,1
3235,1978,01,2
3236,1961,05,1
3237,2006,02,2
3238,1965,01,1
3239,1963,01,1
3240,1951,04,1
3241,1984,03,1
3242,1957,01,2
3243,1987,02,2
3244,2006,03,2
3245,1977,03,1
3246,1956,01,1
3247,1990,05,2
3248,1982,05,2
3249,1963,05,1
3250,1977,02,2
3251,1947,05,1
3252,1964,01,2
3253,1972,01,1
3254,1991,04,1
3255,1972,02,2
3256,1970,03,1
3257,1946,02,2
3258,1975,03,1
3259,1994,03,2
3260,1980,01,1
3261,1965,01,2
3262,1984,01,1
3263,1967,05,1
3264,1970,05,1
3265,1962,02,2
3266,1964,03,2
3267,1970,05,1
3268,1965,01,2
3269,1971,02,1
3270,1985,03,2
3271,1991,01,2
3272,2000,03,1
3273,2004,04,1
3274,1964,01,1
3275,1989,01,1
3276,1959,02,2
3277,1986,03,2
3278,1982,02,2
3279,1963,05,1
3280,1999,03,1
3281,1951,04,1
3282,1991,04,1
3283,1976,05,1
3284,1972,01,1
3285,1964,04,2
3286,1966,04,2
3287,1971,02,2
3288,1998,03,1
3289,1975,04,2
3290,1989,03,1
3291,1985,02,1
3292,1959,02,1
3293,1940,03,1
3294,1981,05,1
3295,1983,03,1
3296,1973,01,2
3297,1962,05,1
3298,1983,04,2
3299,1945,01,1
3300,1957,03,1
3301,1975,01,1
3302,1981,01,2
3303,1986,02,2
3304,1962,01,2
3305,1959,01,1
3306,1942,03,1
3307,1965,05,2
3308,1995,03,2
3309,1976,01,2
3310,1962,02,2
3311,1990,05,1
3312,1980,02,2
3313,1969,01,1
3314,1957,03,2
3315,1944,01,1
3316,1949,01,1
3317,1967,02,2
3318,1957,02,2
3319,1928,05,1
3320,1963,01,1
3321,1991,04,2
3322,1998,02,2
3323,1973,04,2
3324,1966,05,1
3325,1980,01,2
3326,1959,01,2
3327,1987,01,1
3328,2006,01,1
3329,1990,05,2
3330,1958,02,2
3331,1968,02,1
3332,1974,01,2
3333,1963,01,1
3334,1985,01,2
3335,1972,01,1
3336,1994,01,2
3337,1977,01,1
3338,1974,01,1
3339,1957,05,1
3340,1993,01,2
3341,1972,02,1
3342,1957,03,2
3343,1986,01,2
3344,1965,04,1
3345,1968,01,1
3346,1977,01,2
3347,1959,05,2
3348,1969,02,1
3349,1977,01,2
3350,1988,03,1
3351,1980,02,2
3352,1983,04,2
3353,1984,03,2
3354,1989,01,2
3355,1983,01,1
3356,1975,04,1
3357,1952,01,1
3358,1975,01,1
3359,1962,03,1
3360,1991,01,1
3361,1965,02,2
3362,1939,04,1
3363,1978,02,2
3364,1951,01,1
3365,1990,01,1
3366,1995,03,2
3367,1989,04,2
3368,1978,01,2
3369,1965,01,1
3370,1984,02,1
3371,1976,01,2
3372,1993,01,1
3373,1955,05,1
3374,1982,01,1
3375,1976,01,1
3376,1980,03,2
3377,1982,01,1
3378,1992,03,2
3379,1966,01,1
3380,1970,01,1
3381,1965,02,2
3382,1960,01,1
3383,2006,04,2
3384,1950,01,1
3385,1977,04,1
3386,1982,04,2
3387,1988,02,2
3388,1993,04,1
3389,1969,01,1
3390,1985,01,2
3391,1970,04,1
3392,1983,01,1
3393,1986,01,2
3394,1974,01,1
3395,1983,05,1
3396,1982,02,2
3397,2004,02,2
3398,1980,01,2
3399,1978,03,1
3400,1970,05,2
3401,1991,01,2
3402,1973,04,2
3403,1967,05,1
3404,1958,03,1
3405,1976,05,2
3406,1972,05,2
3407,1982,01,1
3408,1978,03,1
3409,1954,04,2
3410,1949,01,1
3411,1998,02,2
3412,1983,01,1
3413,1969,01,1
3414,1985,02,1
3415,1968,03,2
3416,1976,02,2
3417,1958,02,1
3418,1988,03,1
3419,1976,05,2
3420,1996,02,1
3421,1963,03,1
3422,1991,05,1
3423,1945,04,1
3424,1969,01,1
3425,2002,04,1
3426,1955,04,2
3427,1998,02,2
3428,1998,02,1
3429,1998,02,2
3430,1934,02,1
3431,1961,01,2
3432,1959,01,2
3433,1994,01,1
3434,1991,04,2
3435,1938,05,2
3436,1982,01,1
3437,1969,02,2
3438,1957,03,1
3439,1983,04,1
3440,1985,03,1
3441,1961,04,2
3442,1976,02,2
3443,1972,02,1
3444,1954,01,2
3445,1971,04,1
3446,1979,02,1
3447,1956,02,2
3448,1970,01,1
3449,1955,01,1
3450,1960,03,2
3451,1977,04,1
3452,1978,01,1
3453,1979,01,1
3454,1973,02,2
3455,1971,02,2
3456,1968,01,1
3457,1949,05,2
3458,1997,01,1
3459,1968,05,1
3460,1988,01,1
3461,1968,03,2
3462,1975,02,2
3463,1985,01,2
3464,1981,04,2
3465,1976,05,1
3466,1986,01,1
3467,1964,03,1
3468,1976,01,1
3469,1978,01,2
3470,1962,04,1
3471,1982,01,2
3472,2002,05,2
3473,1953,01,2
3474,2004,05,1
3475,1986,03,2
3476,1981,01,1
3477,1974,01,2
3478,1977,02,2
3479,1990,01,2
3480,2003,05,2
3481,1987,01,1
3482,1965,01,1
3483,1994,05,1
3484,1954,01,1
3485,1963,02,2
3486,1961,03,2
3487,1945,03,1
3488,1961,04,1
3489,2001,03,2
3490,1968,03,2
3491,1961,01,2
3492,1976,01,1
3493,1980,04,1
3494,1976,05,2
3495,1978,04,1
3496,1971,03,2
3497,1946,02,1
3498,1969,02,1
3499,1968,02,1
3500,1997,02,2
3501,1995,05,1
3502,1962,04,1
3503,1965,02,1
3504,1976,02,1
3505,1987,01,2
3506,1976,01,2
3507,1976,03,1
3508,1965,02,2
3509,1979,01,1
3510,1982,01,2
3511,1978,02,2
3512,1973,04,1
3513,1965,01,1
3514,1966,01,1
3515,1985,01,2
3516,1970,01,1
3517,1971,03,1
3518,1968,04,2
3519,1987,03,2
3520,1960,05,2
3521,1954,03,2
3522,1980,05,2
3523,1957,02,2
3524,1964,01,2
3525,1969,01,2
3526,1971,03,2
3527,1980,03,2
3528,1982,01,2
3529,1992,01,1
3530,1980,05,1
3531,1995,05,2
3532,1984,01,1
3533,1960,02,2
3534,1953,05,1
3535,1964,02,1
3536,1994,01,1
3537,1970,01,2
3538,1982,01,1
3539,1969,01,1
3540,1992,03,2
3541,1960,02,2
3542,1963,01,2
3543,1984,01,2
3544,1966,05,1
3545,1996,05,1
3546,1971,04,2
3547,1990,01,1
3548,1980,01,2
3549,1985,02,1
3550,1981,02,1
3551,1955,03,2
3552,1965,02,1
3553,1992,02,1
3554,1983,04,1
3555,1974,01,1
3556,1986,03,1
3557,1987,03,2
3558,1980,01,2
3559,1975,05,2
3560,1951,03,1
3561,1946,04,2
3562,1975,02,1
3563,1978,01,2
3564,1968,01,2
3565,1981,02,1
3566,1977,02,2
3567,1969,02,2
3568,1982,05,1
3569,1980,03,1
3570,1989,04,1
3571,1972,05,2
3572,1978,03,2
3573,1977,03,1
3574,1977,04,1
3575,1973,05,1
3576,1983,03,1
3577,1997,03,2
3578,1972,03,1
3579,1982,01,1
3580,1971,03,2
3581,1963,03,2
3582,1996,02,2
3583,1959,05,2
3584,1969,05,2
3585,1985,04,1
3586,1960,04,1
3587,1989,02,1
3588,1990,02,2
3589,1994,03,2
3590,2000,01,2
3591,1963,04,2
3592,1976,03,2
3593,1969,04,1
3594,1998,01,2
3595,1970,04,1
3596,1997,02,1
3597,1978,05,2
3598,1982,03,2
3599,1976,01,2
3600,1974,02,2
3601,1993,05,1
3602,1977,01,1
3603,1987,03,1
3604,1976,02,1
3605,1963,04,1
3606,1971,04,1
3607,1987,01,2
3608,1975,03,1
3609,1998,01,2
3610,1971,02,1
3611,1978,04,2
3612,1975,05,1
3613,1988,02,1
3614,1961,05,1
3615,1985,01,1
3616,1963,03,1
3617,1976,02,2
3618,1981,01,1
3619,1957,05,1
3620,1993,03,1
3621,1971,03,1
3622,1988,04,2
3623,1971,03,2
3624,1964,05,2
3625,1968,01,1
3626,1979,05,2
3627,1979,01,2
3628,1956,02,2
3629,1940,01,2
3630,2006,03,1
3631,1981,03,1
3632,1998,02,1
3633,1942,03,2
3634,1988,04,1
3635,1944,01,1
3636,1981,02,1
3637,1980,02,2
3638,1965,01,1
3639,1947,03,1
3640,1984,02,2
3641,2000,03,2
3642,2003,01,1
3643,1978,04,1
3644,1968,02,2
3645,1979,01,1
3646,1977,05,2
3647,1953,02,2
3648,1986,01,1
3649,1994,03,1
3650,1984,01,2
3651,1967,04,1
3652,2002,01,1
3653,1969,01,1
3654,1959,03,1
3655,1990,02,2
3656,1981,02,1
3657,1999,05,1
3658,1977,01,2
3659,1991,01,2
3660,2006,01,2
3661,1992,01,1
3662,1983,03,2
3663,1971,02,1
3664,1984,03,1
3665,1973,02,2
3666,1984,03,1
3667,1988,02,2
3668,1981,03,1
3669,1980,05,1
3670,1974,05,2
3671,1982,01,1
3672,1972,01,2
3673,1996,04,2
3674,1986,03,1
3675,1963,02,2
3676,1964,02,2
3677,1986,02,2
3678,1955,02,2
3679,1987,03,2
3680,2003,01,2
3681,1994,04,2
3682,1981,04,2
3683,1980,03,2
3684,1967,04,1
3685,1984,03,1
3686,1961,02,2
3687,1981,01,1
3688,1977,05,1
3689,1972,03,1
3690,1972,05,1
3691,1972,03,1
3692,2006,02,1
3693,1975,01,2
3694,1986,02,1
3695,1982,02,2
3696,1970,01,1
3697,1973,02,1
3698,1988,03,1
3699,1950,02,2
3700,2005,03,2
3701,1990,05,1
3702,1960,05,2
3703,1995,02,2
3704,1949,05,2
3705,1955,02,1
3706,1966,04,2
3707,1980,04,1
3708,1995,05,1
3709,1933,02,1
3710,1978,03,1
3711,1988,01,2
3712,1963,04,2
3713,1974,03,2
3714,1970,01,2
3715,1971,05,2
3716,1965,01,2
3717,1965,04,1
3718,1964,03,1
3719,1993,02,2
3720,1973,03,1
3721,1945,02,1
3722,2004,01,1
3723,1958,05,2
3724,1946,01,1
3725,1993,04,2
3726,1946,02,1
3727,1974,03,2
3728,1983,01,2
3729,1972,02,2
3730,1985,02,2
3731,1992,01,1
3732,1991,03,2
3733,1980,04,2
3734,1957,03,2
3735,1962,05,2
3736,1984,01,1
3737,1965,02,1
3738,1983,05,1
3739,1998,01,2
3740,1984,02,2
3741,1977,01,2
3742,1971,01,2
3743,1977,01,2
3744,1962,03,1
3745,1978,03,2
3746,1971,01,2
3747,1998,02,2
3748,1976,01,2
3749,1979,04,2
3750,1964,04,1
3751,1990,02,1
3752,1976,03,2
3753,1956,03,1
3754,1983,05,2
3755,1976,02,1
3756,1992,01,1
3757,1965,03,1
3758,1970,01,1
3759,1979,02,2
3760,1967,04,2
3761,1982,05,2
3762,1951,04,2
3763,2006,05,2
3764,1985,02,2
3765,1985,02,2
3766,1991,05,2
3767,1986,03,1
3768,1993,04,2
3769,1980,01,1
3770,1981,01,1
3771,1987,02,2
3772,1988,01,2
3773,1980,01,2
3774,2006,05,2
3775,1950,02,1
3776,1988,02,1
3777,1971,01,2
3778,1983,04,2
3779,1981,04,2
3780,2002,01,2
3781,1940,01,1
3782,1979,01,2
3783,1942,01,2
3784,2006,01,1
3785,1968,05,1
3786,1992,02,2
3787,1970,02,2
3788,2001,04,1
3789,1964,05,2
3790,1972,03,2
3791,1965,03,2
3792,1963,04,1
3793,2006,05,1
3794,1963,05,1
3795,1974,01,2
3796,1981,05,1
3797,1995,03,2
3798,1967,04,2
3799,1967,04,1
3800,1984,04,1
3801,1968,01,1
3802,2003,03,2
3803,1985,01,2
3804,1961,01,1
3805,1967,05,2
3806,1978,02,1
3807,1954,04,1
3808,1972,01,2
3809,2006,04,2
3810,1954,03,2
3811,1965,01,2
3812,1988,04,2
3813,1958,04,2
3814,1963,01,2
3815,1959,01,2
3816,1989,05,1
3817,1978,05,2
3818,1958,01,1
3819,1981,01,2
3820,1977,03,1
3821,1982,03,1
3822,1958,05,2
3823,1967,02,1
3824,1990,04,1
3825,1960,01,1
3826,1974,03,1
3827,1976,03,1
3828,1972,05,1
3829,1996,02,2
3830,1973,01,2
3831,1947,02,2
3832,1983,02,1
3833,1985,04,1
3834,1984,05,1
3835,1964,03,2
3836,1972,01,2
3837,1995,02,1
3838,1958,02,1
3839,1988,02,1
3840,1957,03,2
3841,1977,03,2
3842,1949,05,2
3843,1968,05,2
3844,1976,02,1
3845,1966,04,1
3846,1974,01,2
3847,1963,03,2
3848,1996,01,1
3849,1971,01,2
3850,1979,01,2
3851,1974,01,1
3852,1990,04,1
3853,1986,02,1
3854,1975,03,1
3855,1980,04,2
3856,1967,03,2
3857,1969,04,1
3858,1962,03,1
3859,1986,05,1
3860,1953,01,1
3861,1962,02,2
3862,1964,05,1
3863,1958,05,2
3864,1986,01,1
3865,1967,01,2
3866,1980,01,2
3867,1993,05,1
3868,1992,05,1
3869,1971,04,1
3870,1992,01,2
3871,1981,01,2
3872,1953,05,1
3873,1991,01,1
3874,1996,03,1
3875,1973,01,1
3876,1958,05,1
3877,1970,02,1
3878,1994,02,2
3879,1960,04,1
3880,1995,02,1
3881,1975,02,1
3882,1988,03,1
3883,1983,01,1
3884,1982,01,2
3885,1932,01,2
3886,1957,03,1
3887,1963,02,2
3888,1956,02,2
3889,1962,03,1
3890,1946,01,1
3891,1963,05,2
3892,1970,01,1
3893,1993,03,2
3894,1968,01,2
3895,1994,03,2
3896,1973,02,1
3897,1976,02,1
3898,1960,04,1
3899,1969,04,2
3900,1976,02,1
3901,1997,01,2
3902,1960,02,2
3903,1991,05,1
3904,1957,03,2
3905,1990,01,1
3906,1957,05,2
3907,1978,03,1
3908,1958,01,2
3909,1984,04,2
3910,1958,01,1
3911,1952,05,1
3912,1970,04,2
3913,1973,05,2
3914,1970,04,2
3915,1969,03,1
3916,1995,02,1
3917,1991,03,2
3918,1944,04,2
3919,1969,02,1
3920,1988,02,1
3921,1963,04,2
3922,1994,02,2
3923,1976,01,1
3924,1982,02,1
3925,1968,05,2
3926,1962,05,1
3927,2006,01,2
3928,2002,02,1
3929,1972,04,1
3930,1978,04,2
3931,1994,03,1
3932,1996,01,2
3933,1978,01,2
3934,1996,02,2
3935,1964,02,2
3936,1967,02,2
3937,1986,03,2
3938,1985,02,2
3939,1960,05,2
3940,1986,01,2
3941,1965,01,2
3942,1980,03,2
3943,1972,03,1
3944,1976,01,2
3945,1985,01,2
3946,1976,02,1
3947,1974,03,2
3948,1985,03,2
3949,1981,05,2
3950,2000,04,2
3951,1971,02,1
3952,1958,02,1
3953,1973,02,2
3954,1968,02,2
3955,1965,03,1
3956,1974,02,2
3957,1964,04,2
3958,1987,03,1
3959,2004,03,1
3960,1981,03,2
3961,1987,01,1
3962,1962,04,1
3963,1996,04,1
3964,1945,01,1
3965,1970,02,2
3966,1971,05,2
3967,1979,01,2
3968,1984,01,2
3969,2000,05,2
3970,1968,03,2
3971,1955,02,2
3972,1980,04,1
3973,1985,04,2
3974,1983,04,1
3975,1982,01,2
3976,1949,05,2
3977,1962,01,1
3978,1988,02,2
3979,1948,03,1
3980,1985,02,2
3981,1983,01,1
3982,1984,02,1
3983,1951,02,1
3984,1997,05,1
3985,1982,01,2
3986,1972,05,1
3987,1964,03,2
3988,1986,02,2
3989,1974,04,1
3990,1959,05,2
3991,1976,05,1
3992,1976,02,1
3993,1982,01,1
3994,1957,02,2
3995,1989,03,2
3996,2004,05,2
3997,1973,01,2
3998,1997,01,2
3999,1986,01,2
4000,1971,02,1
